coordinate	license	license_url	upstream_source	artifact_sha256
androidx.activity:activity-compose:1.10.1	Apache-2.0	http://www.apache.org/licenses/LICENSE-2.0.txt	https://cs.android.com/androidx/platform/frameworks/support	f89af1b26ccc834634387c857c2dd4f4654d37650890039c527c2fed07db6a61
androidx.activity:activity-ktx:1.10.1	Apache-2.0	http://www.apache.org/licenses/LICENSE-2.0.txt	https://cs.android.com/androidx/platform/frameworks/support	f396f58dbd772c065b873696b74a3d4d087554b3766280e63b49b25dbb53ab16
androidx.activity:activity:1.10.1	Apache-2.0	http://www.apache.org/licenses/LICENSE-2.0.txt	https://cs.android.com/androidx/platform/frameworks/support	b62b528c917de9be497eb6f88830197c20e9d21267c3916c613492e5ee837d4d
androidx.annotation:annotation-experimental:1.4.1	Apache-2.0	http://www.apache.org/licenses/LICENSE-2.0.txt	https://cs.android.com/androidx/platform/frameworks/support	6bd4c7c7476f8260cd3bdbb81183583e93fc9f790c27dea7dc314181cbf87aa0
androidx.annotation:annotation-jvm:1.8.1	Apache-2.0	http://www.apache.org/licenses/LICENSE-2.0.txt	https://cs.android.com/androidx/platform/frameworks/support	9aab326d9492800991854360ac248f493ce7f7c3183519309b78ace9e240f6f6
androidx.appcompat:appcompat-resources:1.7.0	Apache-2.0	http://www.apache.org/licenses/LICENSE-2.0.txt	https://cs.android.com/androidx/platform/frameworks/support	55b6778602680f3c288ce350a2c2d3dd158d97dbffc63476275826655582c388
androidx.appcompat:appcompat:1.7.0	Apache-2.0	http://www.apache.org/licenses/LICENSE-2.0.txt	https://cs.android.com/androidx/platform/frameworks/support	67189713b30a3fab6971713cc5fab1cb7f022bcf648a257563715c91d719d584
androidx.arch.core:core-common:2.2.0	Apache-2.0	http://www.apache.org/licenses/LICENSE-2.0.txt	https://cs.android.com/androidx/platform/frameworks/support	65308a06b1c00ee186cb9e19321383f043b993813f1522c47f4a3e3303bdba41
androidx.arch.core:core-runtime:2.2.0	Apache-2.0	http://www.apache.org/licenses/LICENSE-2.0.txt	https://cs.android.com/androidx/platform/frameworks/support	a1be5e0caa2b07623862af6ae21b3ab0718123245184d0e30dea81b53f990a47
androidx.autofill:autofill:1.0.0	Apache-2.0	http://www.apache.org/licenses/LICENSE-2.0.txt	http://source.android.com	c9468f56e05006ea151a426c54957cd0799b8b83a579d2846dd22061f33e5ecd
androidx.camera.featurecombinationquery:featurecombinationquery:1.6.2	Apache-2.0	http://www.apache.org/licenses/LICENSE-2.0.txt	https://cs.android.com/androidx/platform/frameworks/support	2321cfd29678e3128284d1622bb6b06e0fecd2c2e69140471ab00e8616e622c2
androidx.camera.viewfinder:viewfinder-core:1.5.1	Apache-2.0	http://www.apache.org/licenses/LICENSE-2.0.txt	https://cs.android.com/androidx/platform/frameworks/support	31179ed5509e4d6d8d667efb91a039cac897b2bfd800d4c6e0b5bed376b4fa69
androidx.camera:camera-camera2-pipe:1.6.2	Apache-2.0	http://www.apache.org/licenses/LICENSE-2.0.txt	https://cs.android.com/androidx/platform/frameworks/support	b357bd94fd4273ff88f453f7e712a22e100adc932324fc6b51fbe9ef9cf45515
androidx.camera:camera-camera2:1.6.2	Apache-2.0	http://www.apache.org/licenses/LICENSE-2.0.txt	https://cs.android.com/androidx/platform/frameworks/support	5a55014ed96feda81a37799faf9f96150025a4434699d55caa1cdebf2ae07e20
androidx.camera:camera-core:1.6.2	Apache-2.0 AND BSD-3-Clause	http://www.apache.org/licenses/LICENSE-2.0.txt; https://opensource.org/licenses/BSD-3-Clause	https://cs.android.com/androidx/platform/frameworks/support	ebd66f090414f4c12f23a55b5023aeee1b096da8a06c02a0b6fb3520c4ddadf6
androidx.camera:camera-lifecycle:1.6.2	Apache-2.0	http://www.apache.org/licenses/LICENSE-2.0.txt	https://cs.android.com/androidx/platform/frameworks/support	b7b701a3c6838bc7c4acd1372140e889fdf9681bf833ebfc638fdbe28ed5fa32
androidx.camera:camera-video:1.6.2	Apache-2.0	http://www.apache.org/licenses/LICENSE-2.0.txt	https://cs.android.com/androidx/platform/frameworks/support	dee568da7d1ce009506a538b2916cce6f23473a835b0aeb4e8193483ff1174d0
androidx.camera:camera-view:1.6.2	Apache-2.0	http://www.apache.org/licenses/LICENSE-2.0.txt	https://cs.android.com/androidx/platform/frameworks/support	2f258b88422b925717d2d1d1714d5572e48e2194336be227b35fc60000f6e166
androidx.collection:collection-jvm:1.4.4	Apache-2.0	http://www.apache.org/licenses/LICENSE-2.0.txt	https://cs.android.com/androidx/platform/frameworks/support	539a43428df8a337622fb781401f5f0cdcd52d8b3615f0085af51c90002ff333
androidx.collection:collection-ktx:1.4.4	Apache-2.0	http://www.apache.org/licenses/LICENSE-2.0.txt	https://cs.android.com/androidx/platform/frameworks/support	c6deada2fac53b8ea6523dbda77597b128006674616f140f04df23264c6d1aa3
androidx.compose.animation:animation-android:1.7.8	Apache-2.0	http://www.apache.org/licenses/LICENSE-2.0.txt	https://cs.android.com/androidx/platform/frameworks/support	a945d77b553a758e4ffe9c93afe2f52435e497e9b218ae8be2c1eba47f3e259c
androidx.compose.animation:animation-core-android:1.7.8	Apache-2.0	http://www.apache.org/licenses/LICENSE-2.0.txt	https://cs.android.com/androidx/platform/frameworks/support	8237488870c73e9b66f7ecab5ec1855b0cafc023b0a937f3f7c65602e2c8c7b2
androidx.compose.foundation:foundation-android:1.7.8	Apache-2.0	http://www.apache.org/licenses/LICENSE-2.0.txt	https://cs.android.com/androidx/platform/frameworks/support	8445301ed64e3aa3150b27f572855c73238b7824aac164758a8726b7afdff481
androidx.compose.foundation:foundation-layout-android:1.7.8	Apache-2.0	http://www.apache.org/licenses/LICENSE-2.0.txt	https://cs.android.com/androidx/platform/frameworks/support	a83233e768e30aab870e6667277ec91dd40adb5663d32f36dfa5dbad367db561
androidx.compose.material3:material3-android:1.3.1	Apache-2.0	http://www.apache.org/licenses/LICENSE-2.0.txt	https://cs.android.com/androidx/platform/frameworks/support	752473d4ea271f822858c313ec0d857ab05249021906f3005b30f2b1fcd0dcc0
androidx.compose.material:material-icons-core-android:1.7.8	Apache-2.0	http://www.apache.org/licenses/LICENSE-2.0.txt	https://cs.android.com/androidx/platform/frameworks/support	332c06b25e662cc417fb087e76b8faa5cb249f4992ffa3360084a3d4ab882284
androidx.compose.material:material-ripple-android:1.7.8	Apache-2.0	http://www.apache.org/licenses/LICENSE-2.0.txt	https://cs.android.com/androidx/platform/frameworks/support	e163a0f5ddc9ef0e232444b8bfd16476453eb685508be0df0785eb4fc43feb4d
androidx.compose.runtime:runtime-android:1.7.8	Apache-2.0	http://www.apache.org/licenses/LICENSE-2.0.txt	https://cs.android.com/androidx/platform/frameworks/support	0c4e6366a30cf1f464601a349e0e2cdedb70df5372f2da8597e61087a910a8f8
androidx.compose.runtime:runtime-saveable-android:1.7.8	Apache-2.0	http://www.apache.org/licenses/LICENSE-2.0.txt	https://cs.android.com/androidx/platform/frameworks/support	6282f4ae73948d54d0481c5a7ccf5f270fd9ee747199f14e6313f3ccd039b694
androidx.compose.ui:ui-android:1.7.8	Apache-2.0	http://www.apache.org/licenses/LICENSE-2.0.txt	https://cs.android.com/androidx/platform/frameworks/support	d54fb17a87e404f0602c49f5ca48ff0aee4055451c9a5a3c8f14420e0753d1a3
androidx.compose.ui:ui-geometry-android:1.7.8	Apache-2.0	http://www.apache.org/licenses/LICENSE-2.0.txt	https://cs.android.com/androidx/platform/frameworks/support	885496763d8c8ba32f3e6a765bcdb5a39e640bd3577fc5452118d1273e2c0a4a
androidx.compose.ui:ui-graphics-android:1.7.8	Apache-2.0	http://www.apache.org/licenses/LICENSE-2.0.txt	https://cs.android.com/androidx/platform/frameworks/support	eb4862ce3997e9dc5c322da5da6b415ee2907f40807766f2a563529bbad46905
androidx.compose.ui:ui-text-android:1.7.8	Apache-2.0	http://www.apache.org/licenses/LICENSE-2.0.txt	https://cs.android.com/androidx/platform/frameworks/support	5f7757ad176bf0807a3f98d4e1cd9004ee059cbf05a232062d93e4a050d7dfba
androidx.compose.ui:ui-tooling-preview-android:1.7.8	Apache-2.0	http://www.apache.org/licenses/LICENSE-2.0.txt	https://cs.android.com/androidx/platform/frameworks/support	e17661a807e11fed2ebc6f92fb5911b3824ee6a15790a381167208d5b7d7fe66
androidx.compose.ui:ui-unit-android:1.7.8	Apache-2.0	http://www.apache.org/licenses/LICENSE-2.0.txt	https://cs.android.com/androidx/platform/frameworks/support	9c37f165af397b6ce8f2b990126e88acda81e158307cf7e0334cc6ba5d41ed49
androidx.compose.ui:ui-util-android:1.7.8	Apache-2.0	http://www.apache.org/licenses/LICENSE-2.0.txt	https://cs.android.com/androidx/platform/frameworks/support	5686aaaffc6bed1e93d5edb70c16cd2a14296fb1470c52f6c5a627b1188c235c
androidx.concurrent:concurrent-futures-ktx:1.2.0	Apache-2.0	http://www.apache.org/licenses/LICENSE-2.0.txt	https://cs.android.com/androidx/platform/frameworks/support	e1f3e17bb4358ccd6c77ca45f70635c9aba237261f19eaa4f64a0218c00e2a3e
androidx.concurrent:concurrent-futures:1.2.0	Apache-2.0	http://www.apache.org/licenses/LICENSE-2.0.txt	https://cs.android.com/androidx/platform/frameworks/support	4810315a798690b5d3bb40c92bcd41c045fd2c36bbfc50b27cbac3d6a0eda190
androidx.core:core-backported-fixes:1.0.0	Apache-2.0	http://www.apache.org/licenses/LICENSE-2.0.txt	https://cs.android.com/androidx/platform/frameworks/support	874722634db5f60745ab2f64d734dd81d3ee4eb71f175263e6565dabea54713d
androidx.core:core-ktx:1.16.0	Apache-2.0	http://www.apache.org/licenses/LICENSE-2.0.txt	https://cs.android.com/androidx/platform/frameworks/support	1766dbd82f64a12dcd359ecb6f15f3cf35db4d66d22961a7c51b2ffc6468314c
androidx.core:core-viewtree:1.0.0	Apache-2.0	http://www.apache.org/licenses/LICENSE-2.0.txt	https://cs.android.com/androidx/platform/frameworks/support	dc1b678d58ebcf2bfa1587be68ff826694ce3d221251b9ef30d4d4b36297e6de
androidx.core:core:1.16.0	Apache-2.0	http://www.apache.org/licenses/LICENSE-2.0.txt	https://cs.android.com/androidx/platform/frameworks/support	6bf03d39dbe3744acce227d3b697374c3625aae1025fbec8ad9fd7bd58bce431
androidx.cursoradapter:cursoradapter:1.0.0	Apache-2.0	http://www.apache.org/licenses/LICENSE-2.0.txt	http://source.android.com	a81c8fe78815fa47df5b749deb52727ad11f9397da58b16017f4eb2c11e28564
androidx.customview:customview-poolingcontainer:1.0.0	Apache-2.0	http://www.apache.org/licenses/LICENSE-2.0.txt	https://cs.android.com/androidx/platform/frameworks/support	3584102fc49bf399c56e3b7be4bfe12000c46112320cd8cf85cc0a8f93f3e752
androidx.customview:customview:1.0.0	Apache-2.0	http://www.apache.org/licenses/LICENSE-2.0.txt	http://source.android.com	20e5b8f6526a34595a604f56718da81167c0b40a7a94a57daa355663f2594df2
androidx.drawerlayout:drawerlayout:1.0.0	Apache-2.0	http://www.apache.org/licenses/LICENSE-2.0.txt	http://source.android.com	9402442cdc5a43cf62fb14f8cf98c63342d4d9d9b805c8033c6cf7e802749ac1
androidx.emoji2:emoji2-views-helper:1.3.0	Apache-2.0	http://www.apache.org/licenses/LICENSE-2.0.txt	https://cs.android.com/androidx/platform/frameworks/support	9a1351295a4f739df0efe8344adaa9afb34856c3af584d4a9afbec105a45b90b
androidx.emoji2:emoji2:1.3.0	Apache-2.0	http://www.apache.org/licenses/LICENSE-2.0.txt	https://cs.android.com/androidx/platform/frameworks/support	2bf23818b23a996ddaa1b5fd5bb32129daff6bbb2dce15166e2fccdd2010b1a5
androidx.exifinterface:exifinterface:1.4.2	Apache-2.0	http://www.apache.org/licenses/LICENSE-2.0.txt	https://cs.android.com/androidx/platform/frameworks/support	6bb2b68682a2023c55f35f941444ffea0157947b061e4fd7606ba935e2e77425
androidx.fragment:fragment:1.5.4	Apache-2.0	http://www.apache.org/licenses/LICENSE-2.0.txt	https://cs.android.com/androidx/platform/frameworks/support	bc3c2431dda42e94bb9511c587eae890d276e4aafe393a8da7b00169186dafde
androidx.graphics:graphics-path:1.0.1	Apache-2.0	http://www.apache.org/licenses/LICENSE-2.0.txt	https://cs.android.com/androidx/platform/frameworks/support	8ca4032b6d79b351f0b59ad4b580eddbb9423e1652f7c958830687f1eee2ec03
androidx.interpolator:interpolator:1.0.0	Apache-2.0	http://www.apache.org/licenses/LICENSE-2.0.txt	http://source.android.com	33193135a64fe21fa2c35eec6688f1a76e512606c0fc83dc1b689e37add7732a
androidx.lifecycle:lifecycle-common-java8:2.8.7	Apache-2.0	http://www.apache.org/licenses/LICENSE-2.0.txt	https://cs.android.com/androidx/platform/frameworks/support	c6deada2fac53b8ea6523dbda77597b128006674616f140f04df23264c6d1aa3
androidx.lifecycle:lifecycle-common-jvm:2.8.7	Apache-2.0	http://www.apache.org/licenses/LICENSE-2.0.txt	https://cs.android.com/androidx/platform/frameworks/support	61c873a7327c946ec033c310bb98f3f92eeabcede0e1a5200ab8a1896483c7bf
androidx.lifecycle:lifecycle-livedata-core-ktx:2.8.7	Apache-2.0	http://www.apache.org/licenses/LICENSE-2.0.txt	https://cs.android.com/androidx/platform/frameworks/support	b6e785e8532b155921310563a90fd262b5dacf6964aeea6cbbe412ac1da59460
androidx.lifecycle:lifecycle-livedata-core:2.8.7	Apache-2.0	http://www.apache.org/licenses/LICENSE-2.0.txt	https://cs.android.com/androidx/platform/frameworks/support	d786e5e6f79b8fab026f09a2d4ae3de1d72875f7645a6b7be48f1d9ab384734b
androidx.lifecycle:lifecycle-livedata:2.8.7	Apache-2.0	http://www.apache.org/licenses/LICENSE-2.0.txt	https://cs.android.com/androidx/platform/frameworks/support	703634525a67b1c6beaaab4f980dfa0bacdf7e143d0b5d51f5ac0d9404400290
androidx.lifecycle:lifecycle-process:2.8.7	Apache-2.0	http://www.apache.org/licenses/LICENSE-2.0.txt	https://cs.android.com/androidx/platform/frameworks/support	62e076a2de2d650a23bf79495419f8a4357ad8e9b28d801318d0fcdd6e35fa87
androidx.lifecycle:lifecycle-runtime-android:2.8.7	Apache-2.0	http://www.apache.org/licenses/LICENSE-2.0.txt	https://cs.android.com/androidx/platform/frameworks/support	b8eb997dd434d70eb97cbd6d1395b6337c6771717c7acd59f11c0853f3860284
androidx.lifecycle:lifecycle-runtime-compose-android:2.8.7	Apache-2.0	http://www.apache.org/licenses/LICENSE-2.0.txt	https://cs.android.com/androidx/platform/frameworks/support	80bf0a8fe9a79b93a318832bc36900f3ab8bd5931ff9ca0ecd3087100e1f07d8
androidx.lifecycle:lifecycle-runtime-ktx-android:2.8.7	Apache-2.0	http://www.apache.org/licenses/LICENSE-2.0.txt	https://cs.android.com/androidx/platform/frameworks/support	b3d39c5dba5e207ef4c79d491a76500194c5ea6874157f05a15f01792c0cc4e7
androidx.lifecycle:lifecycle-viewmodel-android:2.8.7	Apache-2.0	http://www.apache.org/licenses/LICENSE-2.0.txt	https://cs.android.com/androidx/platform/frameworks/support	e7e7043f66b077637563ff564a7fc6cee461d284a0f2485c050a2143abbd8920
androidx.lifecycle:lifecycle-viewmodel-compose-android:2.8.7	Apache-2.0	http://www.apache.org/licenses/LICENSE-2.0.txt	https://cs.android.com/androidx/platform/frameworks/support	072532de580b03628c212388c9ce2ff066731f28031fb75ebd8505446455e5d1
androidx.lifecycle:lifecycle-viewmodel-ktx:2.8.7	Apache-2.0	http://www.apache.org/licenses/LICENSE-2.0.txt	https://cs.android.com/androidx/platform/frameworks/support	1acebb50df2f0c07f379d5e23a28f7794f70efb2b6c834acebe8c394784ee6d4
androidx.lifecycle:lifecycle-viewmodel-savedstate:2.8.7	Apache-2.0	http://www.apache.org/licenses/LICENSE-2.0.txt	https://cs.android.com/androidx/platform/frameworks/support	646f2a42d2884b02308fb19837089e2669835fe21ca6a5b60666d5eb94d081dd
androidx.lifecycle:lifecycle-viewmodel:2.8.7	Apache-2.0	http://www.apache.org/licenses/LICENSE-2.0.txt	https://cs.android.com/androidx/platform/frameworks/support	43d28a6c6da9c1cb72bfb5cc1b511a7937b2db8b79d52f37d0b7f14c79b090dd
androidx.loader:loader:1.0.0	Apache-2.0	http://www.apache.org/licenses/LICENSE-2.0.txt	http://source.android.com	11f735cb3b55c458d470bed9e25254375b518b4b1bad6926783a7026db0f5025
androidx.media3:media3-common:1.9.4	Apache-2.0	http://www.apache.org/licenses/LICENSE-2.0.txt	https://github.com/androidx/media	7a75d0200839800feae0cc15bfc6166166475994515ef95183b27abe0527c188
androidx.media3:media3-container:1.9.4	Apache-2.0	http://www.apache.org/licenses/LICENSE-2.0.txt	https://github.com/androidx/media	f73cea4fe8a2bf9eb6462bfb7a547d1aaf55395d0007eed6fadb129b56927c0d
androidx.media3:media3-database:1.9.4	Apache-2.0	http://www.apache.org/licenses/LICENSE-2.0.txt	https://github.com/androidx/media	de88a2ca8fd1efb1dbe7d8cd4c728fca15fafb629442514a689dea1788817637
androidx.media3:media3-datasource:1.9.4	Apache-2.0	http://www.apache.org/licenses/LICENSE-2.0.txt	https://github.com/androidx/media	ccaf5530a31e64dffe2a803feeeb654e7e81fc4a2597f6d929ce7a9aba7ff13e
androidx.media3:media3-decoder:1.9.4	Apache-2.0	http://www.apache.org/licenses/LICENSE-2.0.txt	https://github.com/androidx/media	2337461b4ed4ec3cd32330cd530d9b471d5d45b76410f6e0d66f1331c9a0bc08
androidx.media3:media3-effect:1.9.4	Apache-2.0	http://www.apache.org/licenses/LICENSE-2.0.txt	https://github.com/androidx/media	1f005774fad08db2f5b0d08c58d5316d6827c2bbd62798220e2b14e6d343a17d
androidx.media3:media3-exoplayer:1.9.4	Apache-2.0	http://www.apache.org/licenses/LICENSE-2.0.txt	https://github.com/androidx/media	f362b5e0afa17654234ecc6d61c4d57b7e299b3fea550f4409c7d2b1be7283cd
androidx.media3:media3-extractor:1.9.4	Apache-2.0	http://www.apache.org/licenses/LICENSE-2.0.txt	https://github.com/androidx/media	fb1d260cea679efd3568b4b4b02c9aa1dd84cef847cd50f93f50ca02e59cb20b
androidx.media3:media3-inspector:1.9.4	Apache-2.0	http://www.apache.org/licenses/LICENSE-2.0.txt	https://github.com/androidx/media	004e76a4360297c2ca947d4c3aea77508ac79a327bba1edfe9d63a9392216176
androidx.media3:media3-muxer:1.9.4	Apache-2.0	http://www.apache.org/licenses/LICENSE-2.0.txt	https://github.com/androidx/media	ba5a69b754adad29fe1ef26aa0d200b3fe9d11c16e5910dc1988bd97048f8586
androidx.media3:media3-transformer:1.9.4	Apache-2.0	http://www.apache.org/licenses/LICENSE-2.0.txt	https://github.com/androidx/media	0857176c8dc822dde3afe3dfef1b28e07c9654d7ca2b1c19d8e81e15dc9bab05
androidx.media3:media3-ui:1.9.4	Apache-2.0	http://www.apache.org/licenses/LICENSE-2.0.txt	https://github.com/androidx/media	09219a66900a0c76fa4f20a5a99329977ae42d4e715791b10a3efe72c346dc03
androidx.navigation:navigation-common-ktx:2.8.9	Apache-2.0	http://www.apache.org/licenses/LICENSE-2.0.txt	https://cs.android.com/androidx/platform/frameworks/support	aaa35fa240544d1d2ff459c5c31c147637105370a8ef403071ec5ca060029cf4
androidx.navigation:navigation-common:2.8.9	Apache-2.0	http://www.apache.org/licenses/LICENSE-2.0.txt	https://cs.android.com/androidx/platform/frameworks/support	3541faa3a231c5834149648870e57e3385ce5be31ba659b70ab278319f65b9ff
androidx.navigation:navigation-compose:2.8.9	Apache-2.0	http://www.apache.org/licenses/LICENSE-2.0.txt	https://cs.android.com/androidx/platform/frameworks/support	d805b7340a2c1794a8baa93d0623ae502e22921679a3aa8422a1a6b855bad4c2
androidx.navigation:navigation-runtime-ktx:2.8.9	Apache-2.0	http://www.apache.org/licenses/LICENSE-2.0.txt	https://cs.android.com/androidx/platform/frameworks/support	62a9f256528e8505f276f06e5a7bea3ae4b3c56a13aabf54ff69e410750aa3cb
androidx.navigation:navigation-runtime:2.8.9	Apache-2.0	http://www.apache.org/licenses/LICENSE-2.0.txt	https://cs.android.com/androidx/platform/frameworks/support	3f24fb9da8786c6c5e356a86d77f63e2ce3473851cfc28d931f15157a0c35a5c
androidx.profileinstaller:profileinstaller:1.4.0	Apache-2.0	http://www.apache.org/licenses/LICENSE-2.0.txt	https://cs.android.com/androidx/platform/frameworks/support	d502141fcce902430f62b674c32aecd0f75262e7ee2cd15c74adb617cd13130a
androidx.recyclerview:recyclerview:1.3.0	Apache-2.0	http://www.apache.org/licenses/LICENSE-2.0.txt	https://cs.android.com/androidx/platform/frameworks/support	d65928a00f63589a49e21925412e0f48852f89254b07b03c030d560f91effc88
androidx.resourceinspection:resourceinspection-annotation:1.0.1	Apache-2.0	http://www.apache.org/licenses/LICENSE-2.0.txt	https://cs.android.com/androidx/platform/frameworks/support	8cff870ec6fb31db48a52f4a792335b4bf8de07e03bd37823181526433ccd5cb
androidx.room:room-common:2.6.1	Apache-2.0	http://www.apache.org/licenses/LICENSE-2.0.txt	https://cs.android.com/androidx/platform/frameworks/support	99326d3eeca4a64671bc8802f1e45f4e6b348e8c7faba230c3854d316809ffcf
androidx.room:room-ktx:2.6.1	Apache-2.0	http://www.apache.org/licenses/LICENSE-2.0.txt	https://cs.android.com/androidx/platform/frameworks/support	da4c0cba7efcafa29fbeab1db41984238f25c1a33612c1d60d63b995968d70ca
androidx.room:room-runtime:2.6.1	Apache-2.0	http://www.apache.org/licenses/LICENSE-2.0.txt	https://cs.android.com/androidx/platform/frameworks/support	69624fd7add6ce5bfcc12362cd427341d2910e277ed5a6fcc46132a4899114d0
androidx.savedstate:savedstate-ktx:1.2.1	Apache-2.0	http://www.apache.org/licenses/LICENSE-2.0.txt	https://cs.android.com/androidx/platform/frameworks/support	8553f87e7136c24ec5243560f48f1c32cba56daa77722f89589a5cafcb8f7894
androidx.savedstate:savedstate:1.2.1	Apache-2.0	http://www.apache.org/licenses/LICENSE-2.0.txt	https://cs.android.com/androidx/platform/frameworks/support	21a7d4bcf6bdb94ad7b9283801529300b4fbb8808ca4f191e0cdce6fd8e4705a
androidx.sqlite:sqlite-framework:2.4.0	Apache-2.0	http://www.apache.org/licenses/LICENSE-2.0.txt	https://cs.android.com/androidx/platform/frameworks/support	ca6e503322b2e60374c2b36c95c50b16709d9388fe36e80fb23de1fbf7a6eb95
androidx.sqlite:sqlite:2.4.0	Apache-2.0	http://www.apache.org/licenses/LICENSE-2.0.txt	https://cs.android.com/androidx/platform/frameworks/support	bb7fa113112f7e4857496e222e3051d73a910add74bf40761e1bdae55b0216af
androidx.startup:startup-runtime:1.1.1	Apache-2.0	http://www.apache.org/licenses/LICENSE-2.0.txt	https://cs.android.com/androidx/platform/frameworks/support	e0a6329a371262fe4c450372b70fdaf33b769ef6917094723787cfce896b1dd3
androidx.tracing:tracing-android:1.3.0	Apache-2.0	http://www.apache.org/licenses/LICENSE-2.0.txt	https://cs.android.com/androidx/platform/frameworks/support	f59782bbe3470a6b0c531cef262dd1fc9d9a0233490bb5e6d553e1fe6a1816b2
androidx.tracing:tracing-ktx:1.3.0	Apache-2.0	http://www.apache.org/licenses/LICENSE-2.0.txt	https://cs.android.com/androidx/platform/frameworks/support	7df502d572295cf23c6da4a38b3f199a4794dfcd947780cd36110eea407a0a4d
androidx.vectordrawable:vectordrawable-animated:1.1.0	Apache-2.0	http://www.apache.org/licenses/LICENSE-2.0.txt	http://source.android.com	76da2c502371d9c38054df5e2b248d00da87809ed058f3363eae87ce5e2403f8
androidx.vectordrawable:vectordrawable:1.1.0	Apache-2.0	http://www.apache.org/licenses/LICENSE-2.0.txt	http://source.android.com	46fd633ac01b49b7fcabc263bf098c5a8b9e9a69774d234edcca04fb02df8e26
androidx.versionedparcelable:versionedparcelable:1.1.1	Apache-2.0	http://www.apache.org/licenses/LICENSE-2.0.txt	http://source.android.com	57e8d93260d18d5b9007c9eed3c64ad159de90c8609ebfc74a347cbd514535a4
androidx.viewpager:viewpager:1.0.0	Apache-2.0	http://www.apache.org/licenses/LICENSE-2.0.txt	http://source.android.com	147af4e14a1984010d8f155e5e19d781f03c1d70dfed02a8e0d18428b8fc8682
com.google.auto.value:auto-value-annotations:1.6.3	Apache-2.0	http://www.apache.org/licenses/LICENSE-2.0.txt	http://github.com/google/auto	0e951fee8c31f60270bc46553a8586001b7b93dbb12aec06373aa99a150392c0
com.google.code.findbugs:jsr305:3.0.2	Apache-2.0	http://www.apache.org/licenses/LICENSE-2.0.txt	https://code.google.com/p/jsr-305/	766ad2a0783f2687962c8ad74ceecc38a28b9f72a2d085ee438b7813e928d0c7
com.google.dagger:dagger:2.59	Apache-2.0	https://www.apache.org/licenses/LICENSE-2.0.txt	https://github.com/google/dagger/	94d5b23812cc12fa903c9ac4a42978e7e7b2622e6b51c17f8b12037ceece43cd
com.google.errorprone:error_prone_annotations:2.28.0	Apache-2.0	http://www.apache.org/licenses/LICENSE-2.0.txt		f3fc8a3a0a4020706a373b00e7f57c2512dd26d1f83d28c7d38768f8682b231e
com.google.guava:failureaccess:1.0.2	Apache-2.0	http://www.apache.org/licenses/LICENSE-2.0.txt		8a8f81cf9b359e3f6dfa691a1e776985c061ef2f223c9b2c80753e1b458e8064
com.google.guava:guava:33.3.1-android	Apache-2.0	http://www.apache.org/licenses/LICENSE-2.0.txt	https://github.com/google/guava	2c3e41d1b380f2044d257947a3aa82dabf3ae4b978622745254aa18b6cf89ab0
com.google.guava:listenablefuture:9999.0-empty-to-avoid-conflict-with-guava	Apache-2.0	http://www.apache.org/licenses/LICENSE-2.0.txt		b372a037d4230aa57fbeffdef30fd6123f9c0c2db85d0aced00c91b974f33f99
com.google.j2objc:j2objc-annotations:3.0.0	Apache-2.0	http://www.apache.org/licenses/LICENSE-2.0.txt	http://github.com/google/j2objc	88241573467ddca44ffd4d74aa04c2bbfd11bf7c17e0c342c94c9de7a70a7c64
jakarta.inject:jakarta.inject-api:2.0.1	Apache-2.0	http://www.apache.org/licenses/LICENSE-2.0.txt	https://github.com/eclipse-ee4j/injection-api	f7dc98062fccf14126abb751b64fab12c312566e8cbdc8483598bffcea93af7c
javax.inject:javax.inject:1	Apache-2.0	http://www.apache.org/licenses/LICENSE-2.0.txt	http://code.google.com/p/atinject/source/checkout	91c77044a50c481636c32d916fd89c9118a72195390452c81065080f957de7ff
net.sf.trove4j:trove4j:3.0.3	LGPL-2.1-or-later	http://www.gnu.org/licenses/lgpl-2.1.txt	https://trove4j.svn.sourceforge.net/svnroot/trove4j	3c8616203d61a12a7e3487e8b34f3c198c2b5ba9e90da0c7ea32d99cd4958012
org.boofcv:boofcv-feature:1.4.0	Apache-2.0	http://www.apache.org/licenses/LICENSE-2.0.txt	https://github.com/lessthanoptimal/BoofCV	fa28a95464dae9db17f58e96f588d27c215229e5f9281d5943c70fd62a4539c8
org.boofcv:boofcv-geo:1.4.0	Apache-2.0	http://www.apache.org/licenses/LICENSE-2.0.txt	https://github.com/lessthanoptimal/BoofCV	d2b9813f6ba1e01d5b8b6d82ed6d801477467cbe22677e4d91d74dd42b6dae8d
org.boofcv:boofcv-ip:1.4.0	Apache-2.0	http://www.apache.org/licenses/LICENSE-2.0.txt	https://github.com/lessthanoptimal/BoofCV	be1e134daccc84df6c5cdb6074b24fc0e0de32f287e48538f179b23780d6d566
org.boofcv:boofcv-types:1.4.0	Apache-2.0	http://www.apache.org/licenses/LICENSE-2.0.txt	https://github.com/lessthanoptimal/BoofCV	84da0565a097866de9180f6f9c7eb5e9f8a965c7ddba8cf7fc580db1349a32e0
org.checkerframework:checker-qual:3.43.0	MIT	http://opensource.org/licenses/MIT	https://github.com/typetools/checker-framework.git	3fbc2e98f05854c3df16df9abaa955b91b15b3ecac33623208ed6424640ef0f6
org.ddogleg:ddogleg:0.25.1	Apache-2.0	https://www.apache.org/licenses/LICENSE-2.0.txt	https://github.com/lessthanoptimal/ddogleg	1a6d5110615ce2d6a7aede4638178cd4685135b572481e7fe3ab950a9727e859
org.ejml:ejml-cdense:0.45.1	Apache-2.0	https://www.apache.org/licenses/LICENSE-2.0.txt	https://github.com/lessthanoptimal/ejml	7fcb2c6455aeaf5695c62b244e5dc30bbe161d7b476ab1c442482c87b9a5f0b9
org.ejml:ejml-core:0.45.1	Apache-2.0	https://www.apache.org/licenses/LICENSE-2.0.txt	https://github.com/lessthanoptimal/ejml	b5b6b61e610d07bc366f6dfa4fedc065091af227fc900b78d384313957d2950a
org.ejml:ejml-ddense:0.45.1	Apache-2.0	https://www.apache.org/licenses/LICENSE-2.0.txt	https://github.com/lessthanoptimal/ejml	a232e69fec963e0a98be6c3a2f91fc89cfe0a8f37731f03309801608256bf44a
org.ejml:ejml-dsparse:0.45.1	Apache-2.0	https://www.apache.org/licenses/LICENSE-2.0.txt	https://github.com/lessthanoptimal/ejml	d4c010bbbd4469470572bdba1a2e6793ad20e1ddcf15ab0628eddb12a099d2eb
org.ejml:ejml-fdense:0.45.1	Apache-2.0	https://www.apache.org/licenses/LICENSE-2.0.txt	https://github.com/lessthanoptimal/ejml	8fdd094ce4a8bdc22fb253ba3607329c5e7ae3c298e6966dac4eade2dc5fce3a
org.ejml:ejml-fsparse:0.45.1	Apache-2.0	https://www.apache.org/licenses/LICENSE-2.0.txt	https://github.com/lessthanoptimal/ejml	e0c935f337b83bba1f9a6b21da841c0636cb7be085cae2f9d83bc96595d30398
org.ejml:ejml-simple:0.45.1	Apache-2.0	https://www.apache.org/licenses/LICENSE-2.0.txt	https://github.com/lessthanoptimal/ejml	ef0bca4d882b516830c67f491bd0e02efd531a231e76100d48529e24ca6cc4ce
org.ejml:ejml-zdense:0.45.1	Apache-2.0	https://www.apache.org/licenses/LICENSE-2.0.txt	https://github.com/lessthanoptimal/ejml	4ede08e1877b7cb66e6a01499bdbaced7860fd8803435adbc9da84966209cc41
org.georegression:georegression:0.30.0	Apache-2.0	https://www.apache.org/licenses/LICENSE-2.0.txt	https://github.com/lessthanoptimal/GeoRegression	e4c0110ac7b97f5638cb73ae0d48b208d90990beeb092b7cd77dfc4ecf962361
org.jetbrains.kotlin:kotlin-stdlib-jdk7:1.8.22	Apache-2.0	http://www.apache.org/licenses/LICENSE-2.0.txt	https://github.com/JetBrains/kotlin	055f5cb24287fa106100995a7b47ab92126b81e832e875f5fa2cf0bd55693d0b
org.jetbrains.kotlin:kotlin-stdlib-jdk8:1.8.22	Apache-2.0	http://www.apache.org/licenses/LICENSE-2.0.txt	https://github.com/JetBrains/kotlin	4198b0eaf090a4f25b6f7e5a59581f4314ba8c9f6cd1d13ee9d348e65ed8f707
org.jetbrains.kotlin:kotlin-stdlib:2.1.20	Apache-2.0	http://www.apache.org/licenses/LICENSE-2.0.txt	https://github.com/JetBrains/kotlin	1bcc74e8ce84e2c25eaafde10f1248349cce3062b6e36978cbeec610db1e930a
org.jetbrains.kotlinx:atomicfu-jvm:0.28.0	Apache-2.0	https://www.apache.org/licenses/LICENSE-2.0.txt	https://github.com/Kotlin/kotlinx.atomicfu	39576ec46b83412ff7a2909d24cccbba90400e91f9aa67b250309bc0872ecf52
org.jetbrains.kotlinx:kotlinx-coroutines-android:1.9.0	Apache-2.0	https://www.apache.org/licenses/LICENSE-2.0.txt	https://github.com/Kotlin/kotlinx.coroutines	bd783acd2f9738845d58380f46f45b5cde95d0cb03027d56725338b26bfc4d72
org.jetbrains.kotlinx:kotlinx-coroutines-core-jvm:1.9.0	Apache-2.0	https://www.apache.org/licenses/LICENSE-2.0.txt	https://github.com/Kotlin/kotlinx.coroutines	ad89c2892235e670f222d819cb3d81188143cb19a05b59df9889ae4269f5c70a
org.jetbrains.kotlinx:kotlinx-coroutines-guava:1.9.0	Apache-2.0	https://www.apache.org/licenses/LICENSE-2.0.txt	https://github.com/Kotlin/kotlinx.coroutines	ca68323328a85a2df3c03429d5e7b124bc784f07fbace958399a5bba4118d7a0
org.jetbrains.kotlinx:kotlinx-serialization-core-jvm:1.8.0	Apache-2.0	https://www.apache.org/licenses/LICENSE-2.0.txt	https://github.com/Kotlin/kotlinx.serialization	d3c94e9d829bba6e0c4cd3ae478a40846dd49d5475d6707877be853976afe416
org.jetbrains.kotlinx:kotlinx-serialization-json-jvm:1.8.0	Apache-2.0	https://www.apache.org/licenses/LICENSE-2.0.txt	https://github.com/Kotlin/kotlinx.serialization	7b7c445880cef94dc464f4733da1b33b94bee78805041ea08ae06e8507e4620e
org.jetbrains:annotations:23.0.0	Apache-2.0	https://www.apache.org/licenses/LICENSE-2.0.txt	https://github.com/JetBrains/java-annotations	7b0f19724082cbfcbc66e5abea2b9bc92cf08a1ea11e191933ed43801eb3cd05
org.jspecify:jspecify:1.0.0	Apache-2.0	http://www.apache.org/licenses/LICENSE-2.0.txt	https://github.com/jspecify/jspecify/	1fad6e6be7557781e4d33729d49ae1cdc8fdda6fe477bb0cc68ce351eafdfbab
